ID,Category,Predicted_Category,Confidence,Resume_Preview
26167298,CONSULTANT,BUSINESS-DEVELOPMENT,0.3364,"MARKETING CONSULTANT           Summary     Value Creator, Marketing Executive:  Versatile strategic leader with over 15 years in corporate marketing, business development,..."
85421438,HEALTHCARE,DIGITAL-MEDIA,0.724,PA MEDIA GROUP       Summary    Be in a position involving and utilizing my marketing and management skills and knowledge gained throughout my education and on the job exp...
99433371,CONSTRUCTION,DESIGNER,0.5705,CONSTRUCTION       Executive Summary    To find an internship in the profession where I can gain experience in and exposure to the practice of product design.      Core Qu...
12820557,SALES,APPAREL,0.432,SALES ASSOCIATE             Highlights        Computer Proficiency Client Relations              Experience      Sales Associate    October 2014   to   Current     Company...
28396528,CHEF,HEALTHCARE,0.4836,"KITCHEN UTILITY WORKER/EVENING WEEKEND CHEF       Professional Summary     Fast-learning recent CNA graduate , fast-paced, enthusiastic about working in a hospital , adult..."
17963031,HEALTHCARE,INFORMATION-TECHNOLOGY,0.3858,"SYSTEM ADMINISTRATOR/ASSISTANT SUPERVISOR       Professional Background    Over 20 years of experience with a diversified background Facilitator, contingency planning, A s..."
78538268,ADVOCATE,PUBLIC-RELATIONS,0.1885,"COMMUNITY RELATIONS ADVOCATE SUPERVISOR       Summary    To be afforded the opportunity to apply my advanced administrative, problem solving, organizational and sales abil..."
34657584,DESIGNER,CONSTRUCTION,0.4626,SOLUTION DESIGNER       Summary    Seeking a Planning Engineer position to utilize my skills and abilities in an industry that offers security and professional growth whil...
31201660,CONSULTANT,PUBLIC-RELATIONS,0.2978,CONSULTANT           Executive Profile     Visionary and genetically upbeat executive with experience managing multiple projects all levels including budgeting    and admi...
30344127,APPAREL,ENGINEERING,0.4323,"SENIOR MATERIALS ANALYST       Summary    Requirements for this position include: Bachelor's Degree in Business, Management, or related field Minimum 5 years' directly rel..."
17714174,APPAREL,BUSINESS-DEVELOPMENT,0.6601,"ACCOUNT MANAGER/BUSINESS DEVELOPMENT           Experience      Account Manager/Business Development  ,     07/2018   to   07/2019     Company Name   –   City  ,   State..."
24833063,FINANCE,ACCOUNTANT,0.4549,ACTING FINANCE MANAGER         Summary     Innovative Accountant proficient in extracting financial data from various reporting systems and suggesting key operational chan...
34303500,SALES,BUSINESS-DEVELOPMENT,0.2436,"SALES DIRECTOR       Summary       To continue my career with an organization that will utilize my management, supervision and administrative skills to benefit mutual grow..."
15575117,HR,ADVOCATE,0.4368,HR SENIOR SPECIALIST       Career Overview      Dedicated Service Representative Professional motivated to maintain customer satisfaction and contribute to company success...
12669075,APPAREL,ARTS,0.2041,"BRANCH ADMINISTRATOR           Objective     Obtain a challenging position which will demonstrate and highlight my organizational, customer service, communication, and pro..."
31211074,PUBLIC-RELATIONS,SALES,0.405,"CITY CARRIER ASSISTANT       Professional Summary     A results-oriented, service-driven psychology professional who is an analytic problem solver capable of insightful de..."
31761591,APPAREL,FITNESS,0.592,MEMBERSHIP SALES REPRESENTATIVE         Professional Profile    Motivated professional with over twenty years of experience in business management and customer service see...
73030450,ARTS,INFORMATION-TECHNOLOGY,0.2524,SENIOR NETWORK SECURITY ENGINEER          https://www.linkedin.com/in/dilip-nr/         Professional Summary     Overall 7+ years of experience in Network and Security Eng...
29221006,AVIATION,HR,0.2469,"AVIATION SAFETY ASSISTANT       Career Overview     Receive Telephone Calls, Give Routine And Non-Routine Information, Answer Questions And Direct Calls And Visitors To Ap..."
12955994,CONSULTANT,HEALTHCARE,0.3422,"CONSULTANT         Summary     Versatile Management Professional trained in Insurance, Healthcare, Project Management, and Operational Leadership who thrives in dynamic, c..."
62555739,CHEF,HEALTHCARE,0.2181,"CUSTOMER SERVICE REP         Professional Summary     I am currently seeking a full-time position, in an environment that will be a greater challenge for me. I'm also aimi..."
25213006,CONSULTANT,SALES,0.5106,"CONSULTANT           Summary    Professional, dedicated hard worker. Over 10 years of Customer Service Experience. Self-motivated inside Sales Representative with excellen..."
14879257,ARTS,TEACHER,0.4388,BILINGUAL LANGUAGE ARTS SIXTH GRADE TEACHER       Summary    Dedicated and enthusiastic professional with over four years' experience in education. Proven expertise in est...
24679149,DIGITAL-MEDIA,APPAREL,0.4001,"DIGITAL PROJECT MANAGER         Highlights        HTML, CSS, MS Office, Magento, Simparel, Active Collab, AS400, Visuality Pro  - Familiar with Google Analytics, Photoshop..."
17325147,ARTS,ADVOCATE,0.2863,"EXPRESSIVE ARTS PROGRAM LEADER             Professional Experience     09/2014   to   06/2015     EXPRESSIVE ARTS PROGRAM LEADER      City  ,   State      Formulated, prop..."
19108760,ADVOCATE,BUSINESS-DEVELOPMENT,0.4766,PATIENT ADVOCATE /CLINICAL CARE COORDINATOR           Career Focus    Selling capital equipment computer hardware and software to corporate accounts.  Supporting managemen...
18227306,CONSULTANT,BUSINESS-DEVELOPMENT,0.2818,"CONSULTANT               Experience      Consultant    January 2012       Company Name   －   City  ,   State      Provided programmatic and operational support for audit r..."
10464113,SALES,BUSINESS-DEVELOPMENT,0.4907,SALES EXECUTIVE       Summary     Sales and Customer Service Professional with proven record of accomplishment growing client list and maintaining existing clients.  Deliv...
17659053,APPAREL,ADVOCATE,0.2516,CUSTOMER SERVICE SPECIALIST       Summary     Detail-oriented individual with strong technical skills and the ability to learn concepts quickly.  Proficient and adaptable;...
13178604,SALES,BUSINESS-DEVELOPMENT,0.6026,"MERCHANDISER, SALES       Summary     [Job Title] equipped with the excellent negotiation skills, market insight and business acumen necessary to guide struggling and newl..."
10480456,HEALTHCARE,AGRICULTURE,0.3477,"DIRECTOR, NEW PRODUCT RESEARCH AND R&D LIAISON, GLOBAL ORAL HEALTHCARE R&D, CONSUMER HEALTHCARE R&D         Skill Highlights        SKILL SET * Growth strategies/new oppor..."
20230207,TEACHER,ARTS,0.4028,"ART TEACHER       Summary     Creative and caring leader who has earned trust and respect from students, colleagues and administration for 11+ years.       Core Qualificat..."
15265464,ARTS,TEACHER,0.5757,INTERVENTION SPECIALIST TEACHER OF MATH AND LANGUAGE ARTS           Objective     To gain the position as the resource room teacher at Howell Township Public Schools....
38115035,ARTS,HEALTHCARE,0.4654,"MEDICAL BILLING SPECIALIST         Skill Highlights          Microsoft Office products such as Word, Excel, Access, and PowerPoint  Can type 60 words per minute  Experienc..."
32385553,BUSINESS-DEVELOPMENT,SALES,0.431,BUSINESS DEVELOPMENT MANAGER           Summary     Hard working and energetic management professional focused on customer satisfaction throughout all stages of the sales l...
28377361,SALES,ARTS,0.3204,"SALES ASSOCIATE       Professional Summary    Food service worker with fast food, retail and customer service experience. Trained in food safety and handling. Highlights N..."
74191424,ADVOCATE,FITNESS,0.3961,CHILD ADVOCATE MANAGER       Summary    To apply creative problem solving and management skills with a growing company. To manage people and interface with customers while...
10818478,ADVOCATE,APPAREL,0.2555,EXPRESS SCRIPTS           Summary    Responsible and mature Retail Sales Consultant who thrives in fast-paced environments. Enjoys working as part of a team to achieve sal...
32433431,CONSULTANT,BUSINESS-DEVELOPMENT,0.3248,CONSULTANT       Summary     Friendly and enthusiastic [Job Title] with [Number] years of specialization in [Type of Restaurant]. Able to learn new tasks quickly and profi...
28176889,CHEF,ADVOCATE,0.2756,FOOD SERVER       Professional Summary     Hardworking professional with a history of exceeding expectations and delivering quantifiable results. Known for boosting compan...
17312146,AGRICULTURE,FITNESS,0.1249,CONSERVATION TECHNICIAN/MAINTENANCE       Summary    To build a career in the local community and improve skills in the Biological Science field      Skills        Microso...
23246831,ACCOUNTANT,ADVOCATE,0.3878,BILLING ACCOUNTANT       Summary     Detail-oriented billing professional with 11+ years experience applying exceptional customer service and resolving complex billing iss...
17342969,CONSTRUCTION,ENGINEERING,0.3932,DIRECTOR OF SHIP CONSTRUCTION       Executive Profile    Visionary Operations Executive with solid experience managing all levels of multiple projects including budgeting...
65325317,ARTS,AVIATION,0.2341,"EXECUTIVE DIRECTOR       Career Overview     Highly motivated public servant for over 35 years in a multitude of facets to include: Administrative Management, Logistics Ma..."
17213671,BANKING,FITNESS,0.2674,"PARK OPERATIONS HOSTESS         Summary     Highly experienced in banking, customer service, data entry, publicity, editing, and a wide range of computer skills   Software..."
46772262,ADVOCATE,HEALTHCARE,0.4019,PRACTICUM EXPERIENCE       Summary      Nurse Practitioner focused on providing quality care and maintaining direct lines of communication with patients and the entire hea...
14391434,BANKING,ADVOCATE,0.1606,PROGRAM ADMINISTRATOR           Executive Summary     Results-focused management professional offering 15 years of progressive leadership experience. Transforms high-poten...
14945250,DIGITAL-MEDIA,BUSINESS-DEVELOPMENT,0.5957,"DIGITAL MEDIA CONSULTANT       Summary     Dynamic and results-driven Outside Sales and Territory Manager with over 15 years of successful new business development, compet..."
40882926,AGRICULTURE,PUBLIC-RELATIONS,0.2985,COMMUNICATIONS DIRECTOR/EVENT PLANNER               Professional Experience      Communications Director/Event Planner    January 2008   to   April 2014     Company Name...
31064969,BPO,FINANCE,0.1322,DIVISION OPERATIONS & RISK OVERSIGHT MANAGER       RISK MANGEMENT LEADER     Visionary Operations Executive with solid experience managing all levels of multiple projects...
38216888,AGRICULTURE,SALES,0.1619,DRIVER           Summary    Biological Science Technician with over 4 years of experience in vineyard and property maintenance. Customer service experience as well....
37540732,SALES,BUSINESS-DEVELOPMENT,0.4381,"SALES           Executive Summary    Twenty years of experience in all aspects of sales/marketing management Focused, goal and profit-oriented. Proven track record of sust..."
23719943,APPAREL,DESIGNER,0.4752,"SR. FREELANCE DESIGNER/PRODUCT DEVELOPMENT MANAGER       Summary     Product Development Manager/Sr. Designer of Apparel, Packaging, and Graphics.  Responsible for deliver..."
26767199,FINANCE,ACCOUNTANT,0.469,"FINANCE MANAGER         Summary     Flexible Financial Manager with the ability to multi-task, meet deadlines, communicate effectively, develop and motivate staff, general..."
29990140,CHEF,ADVOCATE,0.1505,PROJECT MANAGER AND PHOTOGRAPHER       Summary     Executive Assistant who is skilled at multi-tasking and maintaining a strong attention to detail. Employs professionalis...
31710562,BANKING,ACCOUNTANT,0.6824,CORPORATE CONTROLLER           Summary      Flexible Controller who adapts seamlessly to constantly evolving accounting processes and technologies.       20 years of accou...
22605864,ENGINEERING,BPO,0.3138,SOFTWARE ENGINEERING TEAM LEAD       Profile     I have over 10 years of experience in the field of IT infrastructure consulting and operations. I have worked on various M...
25157655,ARTS,SALES,0.2924,"INSIDE ACCOUNT MANAGER         Summary     Inside Account Manager with eight years experience at SHI to fill Inside Sales Team Manager position. Strong organizational, ana..."
31395742,CONSULTANT,INFORMATION-TECHNOLOGY,0.4387,"CONSULTANT         Summary      PC Technician, Security Analyst, and Security Services - Identity Management       Solutions-oriented  with notable success in a broad rang..."
22890839,ENGINEERING,INFORMATION-TECHNOLOGY,0.5605,CORPORATE ENGINEERING SUPPORT TECHNICIAN       Summary    TECHNICAL SUPPORT ENGINEER Technical Support  Telecom Support  Networking Support  Software/PC/LAN Troubleshootin...
56151548,APPAREL,HR,0.7279,SUBSTITUTE TEACHER           Summary    Seeking an Administrative position where my professional experience and education will allow me to make an immediate contribution a...
35579812,HEALTHCARE,CHEF,0.819,"DINING SERVICES COORDINATOR       Professional Summary     I have worked in fine dining, in hotels, for more than half of my career, and I also have experience in the hosp..."
20255404,FITNESS,BUSINESS-DEVELOPMENT,0.419,"OWNER/OPERATOR       Summary     Business development expert and top sales performer with 12+ years experience in Texas, California, and Oklahoma markets. Comfortable with..."
15210069,AUTOMOBILE,ADVOCATE,0.3025,SOFTWARE SUPPORT SPECIALIST           Professional Summary     Dedicated Customer Service Representative motivated to maintain customer satisfaction and contribute to comp...
23933031,BPO,BANKING,0.2397,SR. WORKFORCE MANAGER       Summary    Results-oriented Workforce & Relationship Manager with diverse background in management & customer service. Dedicated to providing e...
20490741,DIGITAL-MEDIA,ADVOCATE,0.3643,SOCIAL MEDIA ANALYST         Professional Summary     Positive and upbeat Customer Service Specialist bringing 15 years of customer-facing experience in fast-paced setting...
15973307,SALES,AGRICULTURE,0.1835,"SALES CONSULTANT         Summary    A current sophomore majoring in sociology whom enjoys working and interacting with people. Technologically savvy, a quick learner, and..."
27409087,FINANCE,ACCOUNTANT,0.4847,HEAD OF ACCOUNTS AND FINANCE           Summary     Flexible Accountant who adapts seamlessly to constantly evolving accounting processes and technology. Adept at budget fo...
91515108,AUTOMOBILE,BANKING,0.2095,"POLICY SERVICE SPECIALIST III       Professional Summary    Seeking the position of Claims Representative I, where my skills, experience, and assistance can be utilize..."
11842274,PUBLIC-RELATIONS,CHEF,0.4147,"BARTENDER           Experience      Bartender  ,     05/2018       Company Name   –   City  ,   State      Marketing & Public Relations: 10 years, Maintain proper and adeq..."
74236636,ENGINEERING,CONSTRUCTION,0.6174,ENGINEERING INTERN         Summary    To contribute my skills and experience to the further the development of an organization and achieve growth in my professional career...
29784524,CHEF,CONSTRUCTION,0.4993,MANAGER/PIZZA CHEF       Summary       Expert in managing kitchen staff and preparing foods at reduced cost without compromising quality and taste.     Skilled Pizza Chef...
59777056,FINANCE,ADVOCATE,0.2293,"FINANCE PROJECT COORDINATOR           Summary     Accommodating Project Coordinator who effectively manages strict deadlines, schedules and repetitive tasks with a positiv..."
